order_id,customer_id,order_date,product,region,sales_channel,units_sold,unit_price,revenue
5001,1103,2023-01-15,Accessories,North,Offline,3,56856,170568
5002,1180,2023-06-06,Accessories,North,Online,6,15245,91470
5003,1093,2023-05-16,Mobile,East,Online,7,6230,43610
5004,1015,2023-09-18,Accessories,North,Online,3,14421,43263
5005,1107,2023-06-06,Software,East,Online,2,71638,143276
5006,1072,2023-02-16,Software,North,Offline,2,19523,39046
5007,1189,2023-11-20,Software,North,Online,1,45849,45849
5008,1021,2023-11-28,Laptop,South,Online,4,42479,169916
5009,1103,2023-06-22,Mobile,East,Offline,1,23337,23337
5010,1122,2023-05-10,Laptop,North,Online,7,15497,108479
5011,1075,2023-04-05,Accessories,East,Online,3,45539,136617
5012,1088,2023-04-25,Laptop,East,Offline,5,21423,107115
5013,1117,2023-08-31,Accessories,West,Offline,5,9376,46880
5014,1100,2023-10-19,Accessories,South,Offline,2,61473,122946
5015,1104,2023-10-09,Tablet,South,Online,5,3387,16935
5016,1152,2023-10-26,Software,South,Offline,5,64223,321115
5017,1131,2023-10-10,Accessories,West,Offline,7,42922,300454
5018,1150,2023-03-10,Tablet,West,Online,5,51913,259565
5019,1053,2023-05-28,Software,South,Online,3,3341,10023
5020,1002,2023-01-11,Accessories,West,Online,5,29256,146280
5021,1088,2023-09-11,Accessories,West,Online,6,72076,432456
5022,1158,2023-11-26,Laptop,West,Online,5,10804,54020
5023,1038,2023-12-26,Laptop,South,Offline,5,30841,154205
5024,1130,2023-02-07,Software,South,Offline,1,5258,5258
5025,1192,2023-05-14,Accessories,South,Offline,3,17510,52530
5026,1188,2023-07-19,Mobile,West,Online,2,61258,122516
5027,1021,2023-01-23,Laptop,South,Online,1,32158,32158
5028,1161,2023-10-30,Software,West,Online,4,49502,198008
5029,1058,2023-12-12,Accessories,North,Offline,3,1875,5625
5030,1022,2023-10-29,Accessories,West,Offline,6,22592,135552
5031,1089,2023-12-29,Mobile,East,Online,3,990,2970
5032,1049,2023-08-06,Software,South,Offline,4,4229,16916
5033,1059,2023-05-21,Accessories,South,Online,4,6474,25896
5034,1170,2023-04-14,Laptop,East,Offline,4,21898,87592
5035,1188,2023-07-29,Mobile,West,Offline,7,35150,246050
5036,1015,2023-04-21,Software,North,Offline,2,21792,43584
5037,1190,2023-04-14,Mobile,East,Online,5,3659,18295
5038,1190,2023-11-12,Laptop,East,Offline,3,63266,189798
5039,1175,2023-06-20,Software,West,Offline,7,17565,122955
5040,1190,2023-12-22,Mobile,South,Online,5,22138,110690
5041,1051,2023-11-20,Tablet,West,Offline,5,1573,7865
5042,1108,2023-05-13,Laptop,East,Online,6,47011,282066
5043,1055,2023-10-20,Laptop,East,Online,4,29820,119280
5044,1064,2023-11-24,Laptop,South,Online,2,70376,140752
5045,1131,2023-05-07,Tablet,South,Online,6,35424,212544
5046,1051,2023-04-16,Tablet,South,Online,1,41234,41234
5047,1135,2023-04-02,Accessories,West,Offline,7,68616,480312
5048,1021,2023-10-14,Mobile,South,Online,7,40525,283675
5049,1073,2023-02-20,Accessories,East,Online,2,2659,5318
5050,1167,2023-01-29,Mobile,East,Online,5,49440,247200
5051,1018,2023-10-23,Tablet,North,Online,7,15178,106246
5052,1132,2023-10-24,Tablet,West,Offline,2,61575,123150
5053,1089,2023-08-02,Accessories,North,Online,7,47704,333928
5054,1060,2023-09-24,Software,East,Offline,7,12521,87647
5055,1014,2023-09-14,Accessories,North,Online,4,7272,29088
5056,1009,2023-10-29,Mobile,East,Offline,1,67663,67663
5057,1090,2023-04-11,Accessories,North,Online,4,74255,297020
5058,1053,2023-12-12,Laptop,South,Online,1,23964,23964
5059,1130,2023-04-20,Mobile,North,Offline,7,51637,361459
5060,1084,2023-07-01,Mobile,South,Online,6,30732,184392
5061,1092,2023-11-09,Software,South,Offline,5,61997,309985
5062,1111,2023-01-01,Tablet,West,Online,7,74524,521668
5063,1188,2023-11-15,Mobile,South,Offline,1,51948,51948
5064,1199,2023-02-24,Tablet,South,Online,1,1401,1401
5065,1172,2023-05-29,Accessories,North,Online,1,3381,3381
5066,1008,2023-11-05,Laptop,East,Offline,7,30363,212541
5067,1175,2023-05-17,Software,West,Online,2,6122,12244
5068,1035,2023-07-21,Tablet,South,Online,6,1878,11268
5069,1081,2023-11-09,Mobile,West,Online,2,71686,143372
5070,1164,2023-04-27,Tablet,North,Online,5,45701,228505
5071,1050,2023-06-03,Mobile,South,Online,7,59751,418257
5072,1104,2023-10-18,Tablet,North,Online,1,73072,73072
5073,1132,2023-03-04,Mobile,West,Offline,6,39755,238530
5074,1002,2023-09-01,Accessories,North,Offline,6,63712,382272
5075,1134,2023-01-25,Mobile,West,Offline,3,50710,152130
5076,1054,2023-03-31,Mobile,North,Online,5,22999,114995
5077,1106,2023-03-16,Laptop,West,Offline,6,52128,312768
5078,1004,2023-10-21,Mobile,East,Online,7,61860,433020
5079,1054,2023-07-29,Laptop,North,Online,1,5103,5103
5080,1191,2023-12-13,Software,North,Online,1,13132,13132
5081,1146,2023-01-17,Laptop,East,Online,6,31107,186642
5082,1044,2023-05-08,Accessories,East,Offline,2,66256,132512
5083,1162,2023-12-30,Laptop,North,Online,5,47494,237470
5084,1190,2023-09-08,Software,East,Offline,1,63882,63882
5085,1014,2023-06-28,Accessories,South,Online,6,70854,425124
5086,1095,2023-07-01,Tablet,West,Offline,1,56844,56844
5087,1048,2023-06-01,Tablet,West,Offline,6,54275,325650
5088,1015,2023-01-25,Laptop,West,Offline,5,7849,39245
5089,1200,2023-06-29,Laptop,South,Offline,6,71654,429924
5090,1190,2023-07-17,Software,East,Offline,3,27964,83892
5091,1040,2023-12-10,Software,East,Offline,6,43124,258744
5092,1082,2023-06-10,Mobile,North,Online,6,37844,227064
5093,1111,2023-06-26,Software,East,Offline,7,24799,173593
5094,1053,2023-10-12,Mobile,North,Online,5,48475,242375
5095,1024,2023-03-04,Accessories,South,Offline,7,1962,13734
5096,1154,2023-05-30,Laptop,West,Online,6,41081,246486
5097,1188,2023-06-03,Accessories,West,Offline,5,71789,358945
5098,1124,2023-06-05,Software,West,Offline,3,14675,44025
5099,1041,2023-02-18,Accessories,East,Online,5,6691,33455
5100,1157,2023-12-03,Accessories,North,Offline,1,67037,67037
5101,1015,2023-03-25,Accessories,North,Offline,7,48145,337015
5102,1045,2023-12-27,Software,South,Offline,5,23783,118915
5103,1065,2023-06-26,Accessories,East,Online,3,59623,178869
5104,1089,2023-05-28,Mobile,South,Offline,4,30524,122096
5105,1071,2023-04-28,Software,North,Online,6,50130,300780
5106,1009,2023-12-08,Accessories,North,Offline,5,31234,156170
5107,1088,2023-03-04,Software,West,Offline,6,1015,6090
5108,1129,2023-07-08,Tablet,East,Online,2,67227,134454
5109,1136,2023-12-26,Mobile,North,Offline,1,46716,46716
5110,1063,2023-02-18,Accessories,West,Offline,7,72333,506331
5111,1139,2023-11-23,Tablet,East,Online,1,59255,59255
5112,1081,2023-09-14,Tablet,South,Offline,2,28356,56712
5113,1136,2023-08-12,Software,East,Online,2,74370,148740
5114,1163,2023-05-21,Tablet,East,Online,7,24662,172634
5115,1163,2023-08-03,Mobile,North,Online,5,6508,32540
5116,1033,2023-07-30,Mobile,North,Offline,2,8487,16974
5117,1123,2023-11-14,Laptop,East,Online,4,63032,252128
5118,1005,2023-02-01,Mobile,North,Online,6,3832,22992
5119,1041,2023-06-07,Tablet,North,Offline,6,66823,400938
5120,1028,2023-10-12,Mobile,North,Online,3,39490,118470
5121,1135,2023-11-01,Software,West,Offline,2,10373,20746
5122,1072,2023-10-13,Laptop,West,Offline,2,36944,73888
5123,1012,2023-05-24,Tablet,East,Offline,4,35840,143360
5124,1162,2023-01-19,Laptop,North,Offline,1,5533,5533
5125,1033,2023-01-18,Tablet,West,Online,1,73824,73824
5126,1048,2023-09-14,Software,East,Online,6,16189,97134
5127,1151,2023-03-19,Laptop,North,Online,6,566,3396
5128,1062,2023-06-24,Accessories,South,Online,5,45746,228730
5129,1037,2023-07-13,Tablet,North,Online,7,8033,56231
5130,1099,2023-04-23,Accessories,North,Offline,4,70652,282608
5131,1172,2023-04-24,Laptop,West,Online,7,60158,421106
5132,1104,2023-08-10,Accessories,East,Online,7,38998,272986
5133,1035,2023-06-15,Accessories,East,Online,3,12272,36816
5134,1193,2023-11-15,Laptop,West,Offline,7,49536,346752
5135,1101,2023-05-12,Software,North,Offline,3,59031,177093
5136,1175,2023-09-21,Accessories,South,Online,7,13440,94080
5137,1131,2023-02-24,Accessories,North,Offline,4,17432,69728
5138,1001,2023-12-25,Software,North,Online,3,57327,171981
5139,1005,2023-05-11,Accessories,South,Online,1,61931,61931
5140,1142,2023-10-15,Accessories,West,Offline,3,25148,75444
5141,1103,2023-09-23,Accessories,East,Offline,3,33466,100398
5142,1027,2023-06-11,Mobile,West,Online,4,28277,113108
5143,1137,2023-03-28,Software,West,Online,4,33067,132268
5144,1015,2023-02-24,Accessories,North,Offline,3,17674,53022
5145,1090,2023-10-15,Software,East,Online,2,43098,86196
5146,1042,2023-06-27,Tablet,East,Offline,4,59699,238796
5147,1124,2023-12-15,Tablet,West,Online,5,14298,71490
5148,1179,2023-01-08,Accessories,South,Offline,5,65864,329320
5149,1063,2023-11-17,Software,West,Online,1,18058,18058
5150,1096,2023-11-09,Software,South,Online,7,61584,431088
5151,1052,2023-09-04,Software,East,Offline,3,44737,134211
5152,1096,2023-11-19,Mobile,West,Online,2,65997,131994
5153,1132,2023-09-12,Tablet,North,Online,1,678,678
5154,1151,2023-11-24,Software,West,Offline,3,17618,52854
5155,1143,2023-02-23,Software,East,Online,4,23116,92464
5156,1171,2023-09-06,Mobile,North,Online,5,1298,6490
5157,1029,2023-08-27,Mobile,North,Online,6,8101,48606
5158,1036,2023-08-17,Software,South,Offline,2,25863,51726
5159,1013,2023-03-08,Laptop,North,Offline,6,3295,19770
5160,1160,2023-02-20,Software,North,Offline,5,45764,228820
5161,1071,2023-04-07,Software,West,Online,7,73333,513331
5162,1187,2023-04-02,Mobile,East,Online,7,3584,25088
5163,1086,2023-09-21,Mobile,South,Online,6,1231,7386
5164,1028,2023-10-18,Software,West,Online,4,1629,6516
5165,1066,2023-04-06,Software,North,Offline,3,28522,85566
5166,1170,2023-03-29,Software,North,Online,4,2105,8420
5167,1045,2023-03-19,Mobile,South,Online,6,44630,267780
5168,1062,2023-10-15,Software,East,Online,4,29765,119060
5169,1185,2023-04-30,Software,South,Offline,5,32830,164150
5170,1134,2023-10-29,Accessories,West,Online,2,68969,137938
5171,1028,2023-06-14,Laptop,South,Online,4,15687,62748
5172,1028,2023-07-01,Tablet,North,Online,5,26291,131455
5173,1108,2023-08-11,Laptop,West,Online,2,71110,142220
5174,1044,2023-11-07,Accessories,North,Online,7,40367,282569
5175,1084,2023-01-07,Tablet,East,Offline,3,1393,4179
5176,1030,2023-11-26,Software,North,Online,6,20273,121638
5177,1190,2023-09-20,Accessories,North,Online,7,4739,33173
5178,1075,2023-06-10,Software,South,Online,3,21363,64089
5179,1128,2023-05-31,Mobile,North,Online,7,51915,363405
5180,1092,2023-03-26,Accessories,West,Online,1,69468,69468
5181,1190,2023-05-27,Mobile,West,Online,7,60930,426510
5182,1129,2023-04-22,Accessories,East,Online,5,2015,10075
5183,1121,2023-02-05,Accessories,West,Online,2,15105,30210
5184,1027,2023-10-12,Mobile,South,Online,7,56740,397180
5185,1190,2023-07-07,Tablet,East,Online,4,6086,24344
5186,1121,2023-03-23,Laptop,West,Offline,3,31686,95058
5187,1116,2023-01-02,Software,South,Offline,7,27428,191996
5188,1003,2023-10-30,Accessories,West,Offline,2,21211,42422
5189,1103,2023-07-16,Software,West,Offline,5,55462,277310
5190,1198,2023-01-11,Mobile,North,Online,1,20539,20539
5191,1200,2023-08-22,Software,West,Offline,3,37061,111183
5192,1155,2023-07-14,Mobile,West,Offline,6,2077,12462
5193,1137,2023-04-29,Software,South,Online,2,28850,57700
5194,1062,2023-01-20,Laptop,South,Offline,6,34298,205788
5195,1165,2023-09-18,Laptop,North,Offline,2,11285,22570
5196,1051,2023-10-20,Laptop,West,Online,2,72727,145454
5197,1172,2023-09-13,Laptop,North,Online,5,62457,312285
5198,1152,2023-08-10,Laptop,West,Online,5,65931,329655
5199,1059,2023-08-14,Laptop,East,Offline,5,17797,88985
5200,1118,2023-02-22,Mobile,East,Offline,7,72394,506758
5201,1160,2023-12-21,Accessories,North,Online,4,64272,257088
5202,1096,2023-12-08,Software,North,Online,2,20081,40162
5203,1180,2023-12-30,Laptop,North,Offline,3,55692,167076
5204,1113,2023-10-07,Mobile,South,Online,6,1962,11772
5205,1062,2023-03-22,Mobile,South,Offline,5,64673,323365
5206,1186,2023-07-21,Mobile,South,Online,7,16011,112077
5207,1052,2023-06-07,Accessories,North,Online,5,49165,245825
5208,1012,2023-04-30,Software,West,Offline,6,44914,269484
5209,1039,2023-02-28,Accessories,East,Online,6,73073,438438
5210,1130,2023-08-03,Tablet,North,Online,2,13886,27772
5211,1131,2023-05-08,Mobile,South,Online,5,54960,274800
5212,1113,2023-08-12,Tablet,South,Offline,6,6721,40326
5213,1101,2023-07-28,Laptop,North,Online,4,23974,95896
5214,1113,2023-04-25,Laptop,North,Online,4,21545,86180
5215,1184,2023-07-28,Accessories,South,Online,5,5422,27110
5216,1081,2023-01-14,Software,West,Online,7,23206,162442
5217,1187,2023-01-09,Tablet,South,Online,6,43271,259626
5218,1113,2023-02-09,Software,South,Online,2,52835,105670
5219,1002,2023-08-25,Accessories,North,Offline,2,53449,106898
5220,1130,2023-10-08,Laptop,West,Offline,7,71214,498498
5221,1054,2023-12-25,Software,South,Online,2,15740,31480
5222,1087,2023-07-20,Software,South,Offline,1,3216,3216
5223,1129,2023-09-03,Laptop,East,Offline,5,17074,85370
5224,1147,2023-10-05,Tablet,North,Online,2,74217,148434
5225,1126,2023-08-23,Laptop,East,Offline,4,44566,178264
5226,1130,2023-01-04,Software,East,Offline,6,62326,373956
5227,1053,2023-06-03,Tablet,South,Offline,3,20713,62139
5228,1172,2023-01-29,Tablet,North,Offline,7,72416,506912
5229,1160,2023-04-19,Laptop,West,Offline,3,66651,199953
5230,1198,2023-04-08,Software,South,Offline,2,51406,102812
5231,1160,2023-08-03,Accessories,West,Offline,3,963,2889
5232,1068,2023-10-20,Software,West,Offline,3,32473,97419
5233,1183,2023-03-16,Mobile,North,Online,1,21151,21151
5234,1184,2023-11-22,Accessories,East,Online,4,69194,276776
5235,1123,2023-05-26,Tablet,North,Offline,7,20508,143556
5236,1145,2023-05-08,Accessories,West,Offline,4,70974,283896
5237,1038,2023-12-07,Tablet,South,Online,1,38685,38685
5238,1024,2023-02-11,Tablet,West,Offline,1,74917,74917
5239,1069,2023-12-22,Accessories,South,Offline,3,71639,214917
5240,1116,2023-02-10,Tablet,South,Online,5,35480,177400
5241,1098,2023-02-03,Tablet,North,Online,6,23004,138024
5242,1198,2023-01-17,Mobile,West,Online,6,55470,332820
5243,1139,2023-06-14,Software,East,Offline,3,17266,51798
5244,1144,2023-06-02,Software,West,Offline,6,12195,73170
5245,1097,2023-03-17,Mobile,West,Online,1,18296,18296
5246,1124,2023-03-28,Accessories,East,Online,4,43043,172172
5247,1187,2023-04-27,Laptop,North,Offline,6,15059,90354
5248,1070,2023-12-28,Laptop,West,Online,7,33639,235473
5249,1093,2023-12-08,Laptop,West,Offline,3,9302,27906
5250,1003,2023-01-27,Mobile,South,Offline,5,74343,371715
5251,1148,2023-11-09,Mobile,West,Online,3,40705,122115
5252,1187,2023-10-14,Tablet,East,Online,2,34659,69318
5253,1164,2023-05-14,Laptop,South,Offline,3,12016,36048
5254,1147,2023-08-07,Accessories,North,Online,1,50992,50992
5255,1090,2023-06-17,Accessories,South,Online,4,29586,118344
5256,1195,2023-04-08,Laptop,East,Online,4,30980,123920
5257,1147,2023-09-25,Laptop,East,Online,7,52591,368137
5258,1148,2023-08-25,Laptop,South,Offline,6,48266,289596
5259,1096,2023-11-05,Mobile,North,Offline,1,39237,39237
5260,1199,2023-06-22,Mobile,South,Offline,2,9765,19530
5261,1052,2023-07-09,Mobile,North,Offline,1,71490,71490
5262,1161,2023-05-02,Software,South,Online,3,15886,47658
5263,1168,2023-02-15,Accessories,East,Online,1,37925,37925
5264,1128,2023-03-05,Accessories,West,Offline,1,43754,43754
5265,1039,2023-05-10,Tablet,West,Offline,7,54134,378938
5266,1082,2023-11-06,Mobile,North,Online,2,48162,96324
5267,1104,2023-12-29,Software,North,Offline,3,10643,31929
5268,1129,2023-07-12,Software,North,Offline,5,16081,80405
5269,1011,2023-11-03,Accessories,East,Online,7,67943,475601
5270,1185,2023-06-30,Mobile,South,Offline,5,29924,149620
5271,1178,2023-10-19,Tablet,East,Online,7,42484,297388
5272,1151,2023-10-09,Mobile,West,Online,4,42005,168020
5273,1159,2023-01-29,Laptop,North,Offline,7,63199,442393
5274,1042,2023-05-29,Mobile,South,Online,6,27457,164742
5275,1099,2023-09-24,Laptop,West,Offline,1,25964,25964
5276,1007,2023-10-23,Laptop,West,Online,4,24149,96596
5277,1144,2023-01-11,Tablet,West,Offline,2,42565,85130
5278,1090,2023-06-13,Accessories,East,Offline,5,35258,176290
5279,1112,2023-04-23,Mobile,North,Offline,7,6096,42672
5280,1060,2023-07-06,Laptop,West,Online,1,16874,16874
5281,1113,2023-10-22,Mobile,North,Online,2,4275,8550
5282,1002,2023-08-20,Accessories,East,Offline,6,27888,167328
5283,1129,2023-08-15,Accessories,West,Online,2,21529,43058
5284,1048,2023-11-06,Software,East,Offline,1,54139,54139
5285,1140,2023-04-08,Accessories,East,Offline,6,15145,90870
5286,1197,2023-02-24,Tablet,North,Online,2,31605,63210
5287,1037,2023-04-21,Laptop,West,Offline,6,14168,85008
5288,1160,2023-06-01,Software,East,Online,7,16460,115220
5289,1009,2023-09-03,Tablet,West,Offline,7,11857,82999
5290,1099,2023-03-10,Mobile,North,Online,1,65104,65104
5291,1147,2023-11-08,Laptop,East,Offline,1,52296,52296
5292,1048,2023-10-16,Accessories,North,Offline,6,16304,97824
5293,1131,2023-09-07,Laptop,West,Online,3,15126,45378
5294,1148,2023-02-05,Mobile,West,Offline,4,28632,114528
5295,1152,2023-08-27,Software,North,Offline,2,8451,16902
5296,1054,2023-05-28,Software,South,Online,2,6949,13898
5297,1120,2023-08-15,Software,East,Offline,3,19565,58695
5298,1161,2023-09-01,Accessories,West,Online,3,9630,28890
5299,1152,2023-12-03,Tablet,West,Offline,3,62787,188361
5300,1116,2023-12-31,Tablet,East,Online,5,52202,261010
5301,1075,2023-07-20,Laptop,North,Offline,5,37493,187465
5302,1113,2023-06-03,Accessories,North,Offline,6,32375,194250
5303,1200,2023-03-14,Software,North,Offline,5,6554,32770
5304,1164,2023-07-20,Software,South,Online,7,49017,343119
5305,1166,2023-10-23,Mobile,South,Online,7,30170,211190
5306,1104,2023-01-17,Mobile,West,Online,1,49612,49612
5307,1084,2023-05-09,Software,North,Online,6,28807,172842
5308,1112,2023-08-05,Software,East,Offline,2,67587,135174
5309,1099,2023-03-02,Accessories,West,Offline,4,48422,193688
5310,1153,2023-04-14,Tablet,East,Online,1,63580,63580
5311,1093,2023-02-11,Mobile,West,Online,2,26812,53624
5312,1146,2023-01-25,Tablet,South,Online,2,67485,134970
5313,1128,2023-02-08,Accessories,West,Offline,6,58108,348648
5314,1110,2023-10-18,Software,South,Online,3,40777,122331
5315,1082,2023-05-11,Tablet,West,Online,3,32051,96153
5316,1194,2023-08-17,Software,North,Offline,1,57097,57097
5317,1054,2023-04-18,Software,East,Offline,3,45712,137136
5318,1163,2023-06-21,Laptop,North,Online,2,10137,20274
5319,1189,2023-04-12,Tablet,West,Offline,3,43758,131274
5320,1169,2023-12-20,Tablet,West,Online,5,36193,180965
5321,1161,2023-01-12,Software,West,Offline,3,10324,30972
5322,1068,2023-10-02,Accessories,South,Online,2,27450,54900
5323,1033,2023-04-11,Laptop,East,Online,6,23988,143928
5324,1142,2023-02-13,Software,East,Online,1,715,715
5325,1021,2023-11-01,Mobile,West,Online,4,12023,48092
5326,1048,2023-01-17,Mobile,West,Offline,3,69189,207567
5327,1148,2023-11-26,Laptop,South,Offline,7,24334,170338
5328,1128,2023-02-26,Accessories,North,Offline,7,34974,244818
5329,1136,2023-11-07,Software,North,Offline,2,43566,87132
5330,1135,2023-10-30,Tablet,East,Online,4,10900,43600
5331,1195,2023-01-12,Laptop,South,Online,4,10845,43380
5332,1145,2023-11-14,Accessories,West,Offline,5,34396,171980
5333,1128,2023-03-21,Tablet,East,Offline,4,29399,117596
5334,1033,2023-08-04,Mobile,South,Offline,7,28729,201103
5335,1176,2023-12-05,Mobile,North,Offline,6,6083,36498
5336,1187,2023-09-21,Tablet,South,Offline,2,5397,10794
5337,1115,2023-05-29,Laptop,North,Online,2,72037,144074
5338,1119,2023-03-22,Mobile,South,Online,3,5067,15201
5339,1022,2023-08-03,Software,East,Online,3,13829,41487
5340,1158,2023-07-17,Tablet,North,Offline,3,72292,216876
5341,1038,2023-07-19,Tablet,East,Offline,7,728,5096
5342,1109,2023-01-25,Mobile,East,Offline,7,37552,262864
5343,1051,2023-03-30,Laptop,North,Offline,7,58269,407883
5344,1182,2023-09-25,Software,North,Online,7,46532,325724
5345,1008,2023-05-23,Laptop,West,Online,7,34186,239302
5346,1027,2023-02-28,Accessories,West,Offline,7,63761,446327
5347,1027,2023-12-31,Accessories,West,Online,6,3309,19854
5348,1021,2023-01-26,Mobile,East,Online,7,42285,295995
5349,1030,2023-02-16,Mobile,East,Offline,4,37047,148188
5350,1097,2023-10-15,Mobile,West,Offline,4,43318,173272
5351,1028,2023-09-23,Accessories,East,Offline,5,72427,362135
5352,1111,2023-01-16,Laptop,East,Offline,6,66181,397086
5353,1192,2023-07-18,Laptop,North,Offline,3,37833,113499
5354,1197,2023-10-09,Mobile,North,Offline,1,17076,17076
5355,1061,2023-03-27,Software,East,Online,7,39905,279335
5356,1048,2023-09-07,Laptop,West,Online,5,74279,371395
5357,1147,2023-09-27,Accessories,South,Offline,1,32101,32101
5358,1004,2023-12-01,Tablet,West,Online,4,68446,273784
5359,1035,2023-04-27,Tablet,South,Offline,5,67856,339280
5360,1192,2023-01-07,Tablet,West,Offline,5,52616,263080
5361,1049,2023-05-17,Software,North,Offline,2,63394,126788
5362,1017,2023-06-25,Mobile,East,Offline,4,35135,140540
5363,1172,2023-11-24,Accessories,East,Online,4,7965,31860
5364,1158,2023-11-11,Software,North,Offline,6,57254,343524
5365,1046,2023-08-03,Accessories,South,Online,5,39371,196855
5366,1117,2023-03-23,Accessories,South,Offline,7,63374,443618
5367,1006,2023-08-11,Mobile,South,Offline,4,30011,120044
5368,1099,2023-04-13,Tablet,North,Offline,5,49321,246605
5369,1124,2023-09-30,Mobile,South,Online,6,66276,397656
5370,1037,2023-01-14,Software,North,Offline,7,70667,494669
5371,1024,2023-06-08,Software,West,Offline,6,44962,269772
5372,1093,2023-06-01,Software,West,Offline,2,61882,123764
5373,1046,2023-04-18,Mobile,North,Online,7,33074,231518
5374,1181,2023-07-07,Accessories,East,Online,5,42410,212050
5375,1095,2023-10-28,Accessories,West,Online,4,74031,296124
5376,1099,2023-04-08,Laptop,South,Offline,4,25686,102744
5377,1188,2023-05-11,Software,North,Online,5,23313,116565
5378,1116,2023-10-20,Accessories,South,Offline,5,19057,95285
5379,1191,2023-06-20,Laptop,South,Online,5,28560,142800
5380,1160,2023-07-02,Accessories,East,Online,3,59366,178098
5381,1161,2023-12-30,Software,South,Offline,7,72604,508228
5382,1067,2023-02-08,Tablet,East,Online,4,6580,26320
5383,1128,2023-01-15,Software,West,Offline,7,14354,100478
5384,1018,2023-01-04,Mobile,North,Offline,6,68195,409170
5385,1025,2023-12-15,Accessories,South,Online,4,27525,110100
5386,1054,2023-07-29,Accessories,North,Offline,3,53482,160446
5387,1058,2023-06-10,Mobile,South,Offline,5,41581,207905
5388,1067,2023-01-16,Mobile,North,Online,2,4868,9736
5389,1104,2023-04-18,Tablet,South,Online,5,27594,137970
5390,1174,2023-11-07,Accessories,South,Offline,5,46540,232700
5391,1024,2023-08-15,Accessories,South,Online,3,67266,201798
5392,1114,2023-06-19,Tablet,South,Offline,7,24491,171437
5393,1032,2023-02-03,Laptop,South,Offline,4,1801,7204
5394,1175,2023-09-08,Tablet,South,Online,5,29110,145550
5395,1086,2023-09-04,Software,South,Online,4,35178,140712
5396,1151,2023-09-26,Accessories,South,Online,1,24966,24966
5397,1194,2023-05-21,Mobile,South,Online,6,41375,248250
5398,1127,2023-10-01,Software,North,Offline,7,26581,186067
5399,1155,2023-04-06,Accessories,East,Offline,4,24854,99416
5400,1130,2023-08-15,Tablet,South,Online,2,18800,37600
5401,1017,2023-02-08,Software,East,Online,6,64884,389304
5402,1104,2023-10-29,Accessories,South,Offline,2,61392,122784
5403,1161,2023-01-29,Laptop,South,Offline,5,36025,180125
5404,1137,2023-11-14,Laptop,North,Offline,6,27032,162192
5405,1043,2023-09-02,Mobile,West,Offline,4,6964,27856
5406,1176,2023-08-24,Accessories,West,Online,6,17062,102372
5407,1039,2023-07-04,Laptop,North,Offline,5,56014,280070
5408,1170,2023-09-29,Tablet,East,Offline,3,74719,224157
5409,1026,2023-08-24,Accessories,West,Online,7,33134,231938
5410,1099,2023-08-27,Tablet,North,Offline,2,560,1120
5411,1050,2023-09-23,Tablet,North,Offline,5,9769,48845
5412,1153,2023-12-25,Laptop,West,Online,3,63643,190929
5413,1152,2023-12-06,Accessories,East,Online,6,23565,141390
5414,1013,2023-03-06,Software,North,Online,6,3395,20370
5415,1060,2023-06-26,Laptop,South,Offline,5,12852,64260
5416,1135,2023-01-03,Laptop,East,Offline,4,50237,200948
5417,1057,2023-05-22,Accessories,East,Online,6,32516,195096
5418,1036,2023-06-07,Accessories,West,Online,4,61804,247216
5419,1173,2023-11-20,Tablet,West,Offline,4,12462,49848
5420,1020,2023-05-26,Accessories,South,Online,7,33802,236614
5421,1065,2023-10-20,Tablet,North,Online,4,4511,18044
5422,1008,2023-06-02,Laptop,West,Online,1,20282,20282
5423,1144,2023-07-12,Mobile,West,Offline,7,68191,477337
5424,1142,2023-03-14,Software,East,Offline,3,40225,120675
5425,1115,2023-11-01,Laptop,West,Offline,3,9696,29088
5426,1143,2023-12-10,Accessories,West,Offline,6,43959,263754
5427,1092,2023-05-20,Software,West,Offline,6,33269,199614
5428,1098,2023-07-06,Mobile,West,Offline,4,25200,100800
5429,1066,2023-10-20,Mobile,East,Online,7,5769,40383
5430,1032,2023-03-02,Tablet,South,Offline,7,44380,310660
5431,1191,2023-07-17,Software,South,Offline,1,8820,8820
5432,1086,2023-10-22,Tablet,North,Online,4,50089,200356
5433,1051,2023-11-15,Laptop,West,Offline,1,36397,36397
5434,1153,2023-10-29,Software,East,Offline,4,59065,236260
5435,1186,2023-12-10,Laptop,North,Online,2,31430,62860
5436,1063,2023-01-11,Tablet,North,Online,2,57733,115466
5437,1190,2023-03-03,Software,South,Online,5,14880,74400
5438,1125,2023-11-29,Tablet,East,Offline,4,71434,285736
5439,1150,2023-08-14,Software,East,Online,7,56330,394310
5440,1058,2023-06-02,Tablet,East,Offline,6,6029,36174
5441,1058,2023-07-18,Mobile,South,Offline,3,49678,149034
5442,1086,2023-02-21,Tablet,South,Offline,5,7437,37185
5443,1049,2023-09-17,Mobile,South,Offline,6,40386,242316
5444,1180,2023-02-28,Tablet,South,Online,2,50199,100398
5445,1170,2023-03-13,Software,South,Online,4,25779,103116
5446,1070,2023-05-28,Software,West,Offline,5,38606,193030
5447,1015,2023-12-15,Software,West,Online,4,41044,164176
5448,1054,2023-03-04,Accessories,East,Offline,2,9497,18994
5449,1188,2023-11-06,Laptop,North,Offline,5,41360,206800
5450,1101,2023-08-31,Software,East,Offline,2,3725,7450
5451,1008,2023-11-26,Mobile,North,Online,1,59970,59970
5452,1053,2023-04-17,Software,South,Offline,2,64156,128312
5453,1060,2023-08-14,Accessories,North,Offline,7,52380,366660
5454,1108,2023-11-09,Mobile,East,Online,7,61578,431046
5455,1005,2023-08-06,Accessories,East,Online,4,57133,228532
5456,1103,2023-08-29,Mobile,North,Online,3,27155,81465
5457,1196,2023-09-16,Tablet,West,Online,2,44101,88202
5458,1006,2023-09-19,Laptop,South,Offline,6,3614,21684
5459,1109,2023-01-05,Laptop,South,Online,7,27002,189014
5460,1116,2023-09-18,Accessories,East,Offline,3,50268,150804
5461,1094,2023-02-23,Laptop,West,Online,1,48628,48628
5462,1047,2023-02-16,Accessories,North,Online,5,20528,102640
5463,1099,2023-08-03,Accessories,South,Online,5,56065,280325
5464,1055,2023-06-26,Accessories,West,Online,7,35833,250831
5465,1168,2023-01-09,Laptop,South,Online,3,3674,11022
5466,1052,2023-04-09,Accessories,West,Online,7,35898,251286
5467,1144,2023-01-20,Laptop,West,Offline,5,36429,182145
5468,1013,2023-08-29,Accessories,East,Online,2,4821,9642
5469,1114,2023-03-02,Software,South,Online,3,55921,167763
5470,1124,2023-06-27,Accessories,North,Online,4,73135,292540
5471,1106,2023-12-04,Mobile,East,Online,2,24260,48520
5472,1158,2023-03-03,Accessories,East,Offline,2,11860,23720
5473,1147,2023-05-25,Tablet,North,Online,2,10813,21626
5474,1145,2023-08-04,Accessories,East,Online,4,6301,25204
5475,1120,2023-01-03,Mobile,West,Online,1,14630,14630
5476,1063,2023-06-09,Mobile,West,Online,6,14771,88626
5477,1019,2023-08-15,Laptop,South,Offline,7,16575,116025
5478,1092,2023-09-26,Software,South,Online,5,19484,97420
5479,1058,2023-04-30,Accessories,North,Offline,7,61442,430094
5480,1183,2023-03-30,Laptop,South,Online,3,13361,40083
5481,1090,2023-11-25,Software,West,Offline,1,71876,71876
5482,1117,2023-03-09,Accessories,North,Offline,3,61747,185241
5483,1062,2023-12-23,Tablet,North,Online,7,69601,487207
5484,1023,2023-04-08,Accessories,South,Online,5,21477,107385
5485,1127,2023-09-24,Mobile,West,Offline,4,51117,204468
5486,1137,2023-04-15,Mobile,North,Offline,7,57973,405811
5487,1140,2023-11-19,Tablet,West,Online,2,73402,146804
5488,1129,2023-05-03,Laptop,West,Offline,7,16130,112910
5489,1058,2023-01-29,Software,West,Offline,2,20556,41112
5490,1122,2023-05-17,Accessories,South,Offline,4,7882,31528
5491,1001,2023-07-14,Mobile,East,Online,7,56239,393673
5492,1034,2023-08-14,Laptop,East,Offline,1,49139,49139
5493,1096,2023-11-28,Tablet,North,Offline,1,60338,60338
5494,1126,2023-06-19,Mobile,West,Offline,3,46541,139623
5495,1118,2023-01-09,Tablet,South,Online,4,1492,5968
5496,1048,2023-02-09,Accessories,West,Online,1,72894,72894
5497,1089,2023-01-25,Software,West,Offline,7,68157,477099
5498,1117,2023-09-18,Mobile,South,Online,4,27660,110640
5499,1129,2023-08-14,Mobile,East,Offline,5,45656,228280
5500,1016,2023-05-04,Accessories,West,Online,2,51875,103750
5501,1189,2023-02-07,Laptop,West,Online,7,20072,140504
5502,1192,2023-11-24,Software,East,Offline,2,4636,9272
5503,1191,2023-09-08,Mobile,South,Online,2,62368,124736
5504,1069,2023-06-25,Software,North,Online,4,32667,130668
5505,1022,2023-03-31,Mobile,East,Online,4,15979,63916
5506,1093,2023-02-06,Software,North,Offline,3,31876,95628
5507,1195,2023-11-12,Tablet,North,Online,2,5323,10646
5508,1076,2023-06-25,Mobile,East,Online,3,70956,212868
5509,1154,2023-10-11,Software,West,Offline,2,20085,40170
5510,1144,2023-03-22,Laptop,North,Online,3,17772,53316
5511,1179,2023-04-24,Tablet,North,Online,3,27119,81357
5512,1086,2023-02-09,Tablet,South,Online,5,40395,201975
5513,1185,2023-10-28,Laptop,West,Online,3,4220,12660
5514,1029,2023-08-12,Software,North,Online,4,19767,79068
5515,1069,2023-11-14,Accessories,South,Offline,3,16196,48588
5516,1047,2023-12-15,Laptop,West,Offline,2,30468,60936
5517,1094,2023-04-25,Software,East,Online,3,53864,161592
5518,1190,2023-07-05,Laptop,East,Online,1,23845,23845
5519,1197,2023-11-19,Laptop,South,Online,6,52067,312402
5520,1144,2023-02-25,Mobile,East,Offline,2,62107,124214
5521,1176,2023-02-09,Software,North,Offline,1,19885,19885
5522,1085,2023-12-20,Accessories,West,Online,2,67400,134800
5523,1039,2023-02-09,Mobile,North,Online,4,68744,274976
5524,1100,2023-12-13,Laptop,North,Offline,6,65925,395550
5525,1033,2023-08-25,Laptop,East,Online,6,33419,200514
5526,1101,2023-10-16,Laptop,North,Offline,4,57696,230784
5527,1023,2023-09-19,Software,East,Offline,6,995,5970
5528,1010,2023-08-04,Software,West,Online,4,45255,181020
5529,1069,2023-05-27,Mobile,West,Offline,1,68184,68184
5530,1100,2023-12-02,Accessories,North,Online,5,33824,169120
5531,1034,2023-06-17,Mobile,South,Online,2,2052,4104
5532,1180,2023-04-02,Tablet,East,Online,4,51772,207088
5533,1138,2023-12-19,Laptop,East,Online,2,36353,72706
5534,1147,2023-02-28,Laptop,North,Online,1,33424,33424
5535,1186,2023-02-28,Laptop,East,Online,5,74962,374810
5536,1096,2023-10-31,Mobile,East,Offline,1,24389,24389
5537,1001,2023-06-18,Mobile,South,Offline,6,55175,331050
5538,1069,2023-09-26,Laptop,South,Offline,2,74091,148182
5539,1004,2023-12-29,Mobile,North,Offline,7,70690,494830
5540,1016,2023-02-14,Software,South,Online,5,23134,115670
5541,1024,2023-12-11,Software,North,Offline,6,32863,197178
5542,1080,2023-06-30,Mobile,West,Offline,5,64252,321260
5543,1002,2023-06-19,Laptop,North,Offline,6,56898,341388
5544,1128,2023-12-22,Mobile,West,Online,1,41218,41218
5545,1160,2023-07-10,Mobile,North,Offline,4,27370,109480
5546,1084,2023-06-04,Mobile,East,Online,2,37894,75788
5547,1152,2023-07-07,Tablet,South,Offline,3,52557,157671
5548,1140,2023-01-07,Software,West,Online,3,13516,40548
5549,1178,2023-05-13,Accessories,North,Online,1,42637,42637
5550,1163,2023-08-23,Accessories,South,Offline,2,653,1306
5551,1124,2023-02-14,Tablet,North,Online,2,8353,16706
5552,1033,2023-11-10,Mobile,South,Online,1,12879,12879
5553,1161,2023-09-06,Tablet,South,Offline,2,16292,32584
5554,1189,2023-01-31,Tablet,North,Offline,4,38867,155468
5555,1179,2023-01-23,Laptop,West,Offline,1,18600,18600
5556,1171,2023-06-09,Software,West,Online,4,63956,255824
5557,1101,2023-12-29,Accessories,East,Online,2,11549,23098
5558,1012,2023-06-07,Mobile,South,Online,1,1286,1286
5559,1067,2023-02-08,Accessories,East,Offline,2,70404,140808
5560,1065,2023-03-23,Accessories,East,Online,1,31199,31199
5561,1161,2023-12-22,Software,North,Online,2,48191,96382
5562,1168,2023-09-15,Accessories,North,Online,4,37540,150160
5563,1074,2023-07-25,Accessories,North,Online,7,58486,409402
5564,1043,2023-03-18,Tablet,South,Online,4,39262,157048
5565,1044,2023-01-12,Software,North,Online,2,24100,48200
5566,1029,2023-10-22,Laptop,North,Online,1,20310,20310
5567,1141,2023-08-12,Mobile,South,Offline,3,57704,173112
5568,1012,2023-01-13,Accessories,South,Offline,4,20585,82340
5569,1095,2023-02-15,Mobile,West,Offline,4,47354,189416
5570,1046,2023-06-04,Laptop,North,Online,6,40279,241674
5571,1130,2023-04-23,Mobile,North,Online,3,56707,170121
5572,1035,2023-08-21,Laptop,North,Offline,2,34480,68960
5573,1081,2023-01-17,Tablet,West,Online,7,56617,396319
5574,1090,2023-12-26,Accessories,North,Offline,1,14641,14641
5575,1008,2023-08-11,Laptop,West,Online,6,9844,59064
5576,1093,2023-12-20,Mobile,East,Online,2,16396,32792
5577,1154,2023-07-07,Accessories,West,Offline,5,30313,151565
5578,1090,2023-12-10,Tablet,East,Offline,7,66179,463253
5579,1162,2023-12-31,Accessories,North,Offline,4,11181,44724
5580,1115,2023-06-12,Laptop,East,Offline,5,73403,367015
5581,1105,2023-11-22,Tablet,West,Offline,4,3728,14912
5582,1135,2023-03-15,Mobile,South,Online,4,5082,20328
5583,1196,2023-08-21,Tablet,East,Online,5,11897,59485
5584,1058,2023-08-12,Tablet,East,Online,7,39299,275093
5585,1114,2023-11-15,Software,North,Offline,5,37511,187555
5586,1075,2023-03-01,Tablet,West,Offline,2,44764,89528
5587,1157,2023-12-01,Tablet,East,Offline,6,42817,256902
5588,1120,2023-08-10,Accessories,East,Offline,6,48414,290484
5589,1164,2023-02-06,Mobile,East,Offline,5,45754,228770
5590,1021,2023-10-05,Accessories,East,Offline,2,40596,81192
5591,1164,2023-07-15,Accessories,South,Online,6,54285,325710
5592,1138,2023-12-18,Laptop,West,Online,2,52844,105688
5593,1101,2023-08-30,Accessories,North,Online,2,69046,138092
5594,1152,2023-11-20,Software,North,Online,4,71591,286364
5595,1192,2023-08-07,Software,South,Online,6,66103,396618
5596,1177,2023-07-11,Laptop,West,Offline,6,28912,173472
5597,1099,2023-01-17,Mobile,East,Offline,4,52158,208632
5598,1036,2023-01-12,Mobile,South,Offline,5,50049,250245
5599,1096,2023-07-12,Accessories,West,Offline,4,12049,48196
5600,1152,2023-01-22,Accessories,East,Offline,6,71716,430296
5601,1151,2023-04-30,Accessories,South,Offline,6,26239,157434
5602,1190,2023-07-29,Mobile,West,Online,7,21709,151963
5603,1037,2023-11-02,Tablet,North,Offline,5,15616,78080
5604,1012,2023-09-27,Software,North,Offline,4,20545,82180
5605,1113,2023-07-11,Tablet,West,Offline,1,26827,26827
5606,1183,2023-06-24,Tablet,North,Offline,1,36209,36209
5607,1013,2023-10-12,Mobile,West,Online,5,44117,220585
5608,1023,2023-07-23,Tablet,East,Online,4,60639,242556
5609,1099,2023-06-13,Laptop,West,Offline,4,27405,109620
5610,1105,2023-09-08,Accessories,East,Online,2,64648,129296
5611,1030,2023-08-15,Laptop,South,Online,6,73103,438618
5612,1017,2023-01-07,Software,West,Offline,3,43419,130257
5613,1113,2023-01-29,Accessories,South,Offline,7,58946,412622
5614,1062,2023-02-02,Tablet,North,Offline,5,52928,264640
5615,1084,2023-05-14,Software,East,Offline,3,48394,145182
5616,1112,2023-03-20,Accessories,West,Offline,3,6947,20841
5617,1086,2023-02-27,Tablet,South,Online,5,5999,29995
5618,1141,2023-01-26,Laptop,East,Offline,4,39541,158164
5619,1187,2023-08-14,Accessories,East,Offline,5,31815,159075
5620,1019,2023-10-12,Tablet,North,Offline,3,1799,5397
5621,1177,2023-01-04,Laptop,North,Online,6,5494,32964
5622,1100,2023-04-09,Software,East,Offline,7,7989,55923
5623,1140,2023-02-08,Software,East,Offline,7,32855,229985
5624,1189,2023-09-28,Software,West,Offline,6,74305,445830
5625,1147,2023-10-12,Software,East,Online,6,68867,413202
5626,1076,2023-06-06,Mobile,West,Offline,4,2496,9984
5627,1009,2023-03-16,Accessories,East,Offline,1,44887,44887
5628,1199,2023-10-15,Accessories,North,Offline,5,3589,17945
5629,1028,2023-05-10,Mobile,West,Online,7,21159,148113
5630,1128,2023-06-24,Tablet,South,Offline,6,45678,274068
5631,1052,2023-03-25,Tablet,North,Offline,5,71226,356130
5632,1083,2023-01-22,Software,West,Offline,7,70611,494277
5633,1111,2023-01-27,Laptop,West,Online,6,35065,210390
5634,1144,2023-07-14,Tablet,South,Offline,7,23384,163688
5635,1117,2023-12-03,Laptop,West,Offline,4,17699,70796
5636,1069,2023-08-24,Accessories,East,Offline,1,60538,60538
5637,1099,2023-04-02,Laptop,South,Online,1,58286,58286
5638,1140,2023-01-21,Accessories,North,Online,6,49794,298764
5639,1025,2023-10-30,Mobile,North,Offline,7,34678,242746
5640,1180,2023-12-23,Mobile,East,Online,4,13165,52660
5641,1123,2023-03-25,Software,North,Online,2,1034,2068
5642,1053,2023-09-19,Tablet,West,Online,5,36632,183160
5643,1151,2023-05-27,Software,West,Offline,5,36610,183050
5644,1144,2023-09-14,Accessories,East,Offline,3,59254,177762
5645,1057,2023-02-27,Software,North,Online,4,64080,256320
5646,1039,2023-01-15,Laptop,North,Online,7,22969,160783
5647,1109,2023-06-11,Accessories,East,Online,3,64516,193548
5648,1181,2023-06-12,Mobile,South,Offline,6,46733,280398
5649,1042,2023-11-16,Tablet,North,Offline,7,67208,470456
5650,1186,2023-10-08,Accessories,South,Online,3,58732,176196
5651,1167,2023-10-07,Accessories,North,Online,1,34909,34909
5652,1142,2023-01-12,Laptop,North,Online,5,19824,99120
5653,1122,2023-10-01,Tablet,North,Online,7,9238,64666
5654,1133,2023-09-28,Mobile,North,Offline,3,24554,73662
5655,1163,2023-07-27,Accessories,West,Online,1,30209,30209
5656,1075,2023-01-27,Accessories,South,Offline,4,863,3452
5657,1146,2023-03-13,Laptop,South,Online,3,10858,32574
5658,1076,2023-03-01,Software,North,Online,6,3740,22440
5659,1009,2023-05-25,Mobile,North,Online,6,72701,436206
5660,1074,2023-04-03,Tablet,South,Online,6,46189,277134
5661,1186,2023-11-05,Accessories,West,Online,7,2436,17052
5662,1145,2023-01-08,Accessories,East,Offline,5,44465,222325
5663,1007,2023-03-20,Mobile,East,Online,3,1382,4146
5664,1174,2023-01-27,Software,South,Online,4,20724,82896
5665,1141,2023-06-23,Accessories,North,Online,3,31325,93975
5666,1168,2023-02-19,Mobile,North,Offline,5,71240,356200
5667,1170,2023-07-18,Laptop,West,Offline,1,29385,29385
5668,1137,2023-12-15,Software,East,Offline,5,40556,202780
5669,1178,2023-06-30,Tablet,West,Offline,6,3703,22218
5670,1027,2023-01-24,Accessories,East,Online,7,60741,425187
5671,1122,2023-11-12,Mobile,South,Online,1,2744,2744
5672,1194,2023-02-15,Laptop,East,Online,7,69119,483833
5673,1005,2023-01-15,Tablet,West,Offline,6,22084,132504
5674,1029,2023-06-02,Mobile,West,Online,2,9021,18042
5675,1165,2023-08-10,Mobile,West,Online,5,50517,252585
5676,1166,2023-07-25,Tablet,South,Offline,5,34041,170205
5677,1083,2023-09-30,Laptop,East,Offline,4,29563,118252
5678,1136,2023-08-24,Laptop,East,Offline,3,70768,212304
5679,1109,2023-12-06,Software,West,Online,1,65452,65452
5680,1065,2023-08-16,Accessories,East,Online,7,40063,280441
5681,1086,2023-01-09,Tablet,North,Offline,1,40252,40252
5682,1145,2023-06-15,Tablet,North,Online,4,3067,12268
5683,1071,2023-11-15,Tablet,North,Offline,4,16621,66484
5684,1045,2023-08-02,Laptop,East,Offline,7,2174,15218
5685,1132,2023-04-27,Accessories,South,Online,3,66775,200325
5686,1036,2023-12-10,Software,South,Offline,7,67581,473067
5687,1070,2023-03-13,Mobile,South,Offline,7,29640,207480
5688,1159,2023-03-05,Mobile,South,Offline,6,9827,58962
5689,1019,2023-07-24,Tablet,North,Online,3,71163,213489
5690,1189,2023-07-28,Accessories,North,Offline,5,23831,119155
5691,1108,2023-03-13,Laptop,West,Offline,6,23504,141024
5692,1182,2023-10-04,Accessories,East,Offline,2,10992,21984
5693,1167,2023-10-01,Accessories,East,Offline,3,55297,165891
5694,1091,2023-11-16,Laptop,South,Offline,4,58595,234380
5695,1090,2023-12-04,Tablet,North,Offline,6,14249,85494
5696,1019,2023-04-05,Accessories,South,Offline,3,63717,191151
5697,1039,2023-06-15,Mobile,West,Online,1,9545,9545
5698,1126,2023-02-01,Laptop,East,Online,7,20616,144312
5699,1195,2023-01-11,Software,East,Offline,2,19167,38334
5700,1173,2023-10-28,Tablet,South,Online,5,74705,373525
5701,1141,2023-08-05,Laptop,West,Online,7,27802,194614
5702,1126,2023-10-16,Software,East,Offline,1,11783,11783
5703,1058,2023-04-12,Software,West,Online,1,31435,31435
5704,1148,2023-09-24,Accessories,West,Offline,2,73034,146068
5705,1200,2023-08-02,Accessories,South,Offline,5,32124,160620
5706,1061,2023-06-28,Accessories,North,Offline,4,13940,55760
5707,1127,2023-03-29,Laptop,South,Offline,6,47001,282006
5708,1105,2023-02-10,Laptop,North,Offline,5,1769,8845
5709,1167,2023-03-17,Tablet,West,Online,3,8368,25104
5710,1001,2023-02-15,Accessories,North,Offline,1,30751,30751
5711,1131,2023-06-09,Software,West,Online,3,39229,117687
5712,1092,2023-03-21,Mobile,East,Offline,4,16234,64936
5713,1190,2023-11-06,Tablet,East,Offline,3,42929,128787
5714,1191,2023-03-27,Laptop,East,Offline,5,41837,209185
5715,1113,2023-04-02,Tablet,South,Online,3,40825,122475
5716,1153,2023-05-28,Tablet,South,Offline,4,63014,252056
5717,1056,2023-06-10,Tablet,West,Offline,4,8933,35732
5718,1161,2023-07-21,Tablet,East,Offline,4,9611,38444
5719,1166,2023-08-30,Mobile,South,Offline,5,64253,321265
5720,1117,2023-12-19,Accessories,East,Online,4,74120,296480
5721,1134,2023-01-02,Software,South,Offline,1,22251,22251
5722,1058,2023-08-13,Tablet,North,Online,7,16953,118671
5723,1044,2023-10-16,Tablet,North,Offline,4,39468,157872
5724,1173,2023-08-21,Tablet,East,Online,3,30577,91731
5725,1160,2023-03-18,Accessories,West,Online,6,35275,211650
5726,1173,2023-04-26,Laptop,South,Offline,3,58644,175932
5727,1061,2023-06-03,Laptop,South,Offline,6,49070,294420
5728,1047,2023-04-13,Mobile,North,Online,3,46597,139791
5729,1149,2023-07-13,Laptop,North,Offline,5,25003,125015
5730,1080,2023-06-15,Tablet,West,Offline,3,3279,9837
5731,1118,2023-12-25,Tablet,West,Offline,5,1255,6275
5732,1164,2023-03-31,Tablet,West,Online,5,39763,198815
5733,1147,2023-06-23,Mobile,East,Offline,4,55587,222348
5734,1020,2023-05-02,Tablet,North,Offline,1,42781,42781
5735,1185,2023-05-23,Laptop,East,Offline,6,51982,311892
5736,1146,2023-04-16,Accessories,North,Online,4,55357,221428
5737,1047,2023-11-01,Accessories,North,Offline,4,17900,71600
5738,1049,2023-12-26,Software,South,Online,7,40615,284305
5739,1014,2023-11-13,Laptop,North,Offline,5,14749,73745
5740,1143,2023-05-03,Tablet,North,Online,5,47325,236625
5741,1159,2023-01-09,Accessories,East,Offline,6,25100,150600
5742,1001,2023-09-19,Laptop,North,Offline,3,38206,114618
5743,1117,2023-03-14,Accessories,East,Online,3,19722,59166
5744,1054,2023-12-25,Tablet,West,Online,4,41639,166556
5745,1118,2023-08-11,Accessories,North,Online,2,41802,83604
5746,1003,2023-02-10,Software,North,Offline,2,68659,137318
5747,1144,2023-07-23,Software,East,Offline,3,9146,27438
5748,1185,2023-09-21,Accessories,West,Offline,2,14043,28086
5749,1012,2023-11-24,Laptop,South,Offline,7,23285,162995
5750,1074,2023-06-27,Laptop,West,Online,3,31906,95718
5751,1016,2023-12-14,Laptop,East,Offline,5,51928,259640
5752,1200,2023-11-14,Accessories,West,Offline,4,24277,97108
5753,1102,2023-03-25,Laptop,East,Offline,1,58439,58439
5754,1152,2023-11-14,Tablet,East,Offline,4,53526,214104
5755,1156,2023-04-21,Software,South,Offline,3,30053,90159
5756,1117,2023-09-08,Tablet,North,Offline,7,24048,168336
5757,1008,2023-01-07,Laptop,East,Offline,3,63721,191163
5758,1122,2023-03-25,Tablet,East,Online,4,37765,151060
5759,1092,2023-07-27,Laptop,South,Offline,7,41201,288407
5760,1164,2023-11-10,Accessories,East,Offline,7,51787,362509
5761,1090,2023-01-22,Tablet,North,Offline,7,7227,50589
5762,1136,2023-01-03,Accessories,South,Offline,6,51217,307302
5763,1186,2023-05-07,Accessories,North,Online,3,32927,98781
5764,1060,2023-10-24,Mobile,North,Online,2,17192,34384
5765,1178,2023-07-07,Laptop,South,Online,2,32125,64250
5766,1028,2023-12-28,Software,East,Online,3,25418,76254
5767,1101,2023-01-14,Laptop,North,Online,3,41636,124908
5768,1041,2023-01-12,Software,North,Online,6,52909,317454
5769,1192,2023-03-28,Laptop,North,Offline,2,16077,32154
5770,1155,2023-01-12,Accessories,North,Online,3,28189,84567
5771,1191,2023-01-25,Tablet,South,Online,3,11654,34962
5772,1145,2023-10-28,Tablet,South,Offline,6,21841,131046
5773,1161,2023-08-31,Mobile,West,Online,6,46830,280980
5774,1157,2023-05-02,Software,West,Offline,4,68916,275664
5775,1141,2023-05-27,Software,North,Offline,6,33813,202878
5776,1046,2023-02-24,Software,East,Online,1,47400,47400
5777,1035,2023-08-26,Accessories,North,Offline,2,35195,70390
5778,1134,2023-12-22,Software,East,Online,4,30725,122900
5779,1082,2023-06-22,Tablet,North,Online,1,49656,49656
5780,1115,2023-08-09,Accessories,West,Offline,3,28329,84987
5781,1197,2023-04-29,Laptop,West,Offline,3,26438,79314
5782,1047,2023-11-05,Software,East,Online,4,59664,238656
5783,1153,2023-07-02,Software,North,Offline,6,55030,330180
5784,1194,2023-10-15,Laptop,East,Offline,7,68699,480893
5785,1010,2023-11-03,Software,West,Online,7,60782,425474
5786,1056,2023-10-27,Laptop,North,Online,3,48301,144903
5787,1030,2023-03-23,Accessories,North,Offline,7,9965,69755
5788,1109,2023-07-30,Tablet,East,Online,5,3826,19130
5789,1005,2023-05-30,Laptop,South,Online,4,4159,16636
5790,1119,2023-02-06,Mobile,East,Online,1,60789,60789
5791,1033,2023-12-18,Laptop,West,Online,4,28094,112376
5792,1118,2023-11-08,Software,West,Online,2,5263,10526
5793,1065,2023-12-27,Accessories,West,Online,6,11328,67968
5794,1146,2023-02-28,Accessories,West,Online,6,48088,288528
5795,1177,2023-05-11,Laptop,West,Offline,4,11721,46884
5796,1011,2023-07-21,Tablet,South,Online,3,11711,35133
5797,1085,2023-08-31,Mobile,North,Offline,3,14069,42207
5798,1026,2023-02-04,Accessories,East,Offline,5,38360,191800
5799,1063,2023-04-03,Software,East,Offline,5,72058,360290
5800,1086,2023-07-26,Software,West,Online,6,45837,275022
5801,1059,2023-12-19,Tablet,East,Online,5,52811,264055
5802,1027,2023-11-28,Accessories,West,Offline,1,14015,14015
5803,1177,2023-11-01,Laptop,South,Online,5,72195,360975
5804,1161,2023-12-16,Software,South,Offline,1,25404,25404
5805,1098,2023-08-01,Tablet,North,Online,5,60435,302175
5806,1105,2023-06-08,Accessories,South,Online,6,44290,265740
5807,1099,2023-01-24,Accessories,South,Offline,6,69080,414480
5808,1129,2023-10-20,Accessories,North,Offline,1,6136,6136
5809,1149,2023-01-04,Accessories,East,Offline,4,3392,13568
5810,1055,2023-08-08,Accessories,West,Online,6,22172,133032
5811,1006,2023-12-30,Software,West,Offline,4,6312,25248
5812,1197,2023-01-20,Tablet,East,Online,3,1154,3462
5813,1095,2023-06-01,Accessories,North,Online,1,55133,55133
5814,1133,2023-02-19,Mobile,East,Online,7,17643,123501
5815,1102,2023-06-26,Mobile,South,Offline,6,56434,338604
5816,1003,2023-04-06,Tablet,North,Offline,2,67834,135668
5817,1181,2023-04-15,Laptop,North,Offline,3,29587,88761
5818,1023,2023-09-07,Laptop,North,Online,4,12118,48472
5819,1053,2023-04-27,Laptop,West,Online,6,8946,53676
5820,1165,2023-12-20,Mobile,East,Offline,1,49367,49367
5821,1083,2023-08-16,Laptop,North,Online,7,51528,360696
5822,1145,2023-03-07,Software,North,Online,5,60601,303005
5823,1085,2023-12-01,Accessories,North,Offline,7,27700,193900
5824,1078,2023-09-19,Mobile,East,Offline,2,61965,123930
5825,1110,2023-10-22,Tablet,West,Offline,4,39648,158592
5826,1001,2023-08-31,Tablet,South,Online,3,21198,63594
5827,1051,2023-07-05,Accessories,West,Online,7,42970,300790
5828,1173,2023-09-03,Mobile,North,Online,1,52160,52160
5829,1004,2023-05-05,Laptop,West,Online,2,54410,108820
5830,1190,2023-09-25,Laptop,West,Online,1,35950,35950
5831,1193,2023-05-11,Software,South,Offline,6,56963,341778
5832,1113,2023-08-25,Software,East,Online,5,34257,171285
5833,1032,2023-01-18,Laptop,East,Online,3,70747,212241
5834,1034,2023-02-09,Tablet,West,Online,1,72515,72515
5835,1092,2023-01-21,Tablet,West,Offline,4,31890,127560
5836,1095,2023-08-13,Software,East,Offline,6,56616,339696
5837,1072,2023-12-21,Accessories,East,Offline,6,13661,81966
5838,1039,2023-10-09,Laptop,South,Online,3,32652,97956
5839,1154,2023-01-08,Software,North,Offline,6,21336,128016
5840,1162,2023-04-10,Software,West,Offline,4,67043,268172
5841,1182,2023-08-28,Laptop,East,Offline,1,56148,56148
5842,1118,2023-03-28,Laptop,West,Online,3,26831,80493
5843,1003,2023-10-25,Tablet,West,Offline,6,11263,67578
5844,1123,2023-01-14,Accessories,East,Online,6,69944,419664
5845,1050,2023-11-30,Accessories,South,Online,4,19687,78748
5846,1012,2023-01-02,Laptop,West,Offline,5,12457,62285
5847,1193,2023-10-20,Mobile,South,Online,5,4879,24395
5848,1054,2023-11-21,Software,East,Offline,7,28459,199213
5849,1133,2023-02-10,Software,North,Online,6,27605,165630
5850,1057,2023-11-14,Laptop,North,Offline,1,1377,1377
5851,1145,2023-11-12,Mobile,West,Offline,3,48853,146559
5852,1112,2023-04-21,Tablet,East,Offline,6,52067,312402
5853,1047,2023-01-14,Laptop,South,Online,2,58413,116826
5854,1151,2023-08-19,Laptop,West,Offline,3,3137,9411
5855,1085,2023-03-25,Software,East,Online,7,73278,512946
5856,1142,2023-05-10,Laptop,East,Offline,5,42525,212625
5857,1066,2023-08-19,Laptop,South,Online,6,29242,175452
5858,1075,2023-11-22,Laptop,West,Online,4,12331,49324
5859,1179,2023-05-25,Software,East,Offline,2,47262,94524
5860,1103,2023-12-11,Tablet,East,Offline,6,19330,115980
5861,1166,2023-01-28,Tablet,East,Offline,7,55544,388808
5862,1192,2023-03-07,Laptop,South,Offline,1,74448,74448
5863,1038,2023-06-12,Software,West,Offline,2,69702,139404
5864,1050,2023-08-17,Tablet,West,Online,7,37545,262815
5865,1098,2023-09-18,Tablet,West,Offline,6,71551,429306
5866,1082,2023-06-13,Tablet,West,Offline,1,27127,27127
5867,1030,2023-10-28,Software,North,Online,2,15698,31396
5868,1079,2023-10-30,Software,North,Offline,1,70021,70021
5869,1091,2023-10-14,Laptop,West,Offline,1,29975,29975
5870,1179,2023-01-10,Accessories,South,Online,2,19903,39806
5871,1191,2023-07-14,Tablet,North,Offline,2,4181,8362
5872,1052,2023-04-28,Accessories,East,Offline,1,42792,42792
5873,1166,2023-09-27,Software,North,Offline,7,6129,42903
5874,1079,2023-03-21,Software,East,Online,5,8917,44585
5875,1030,2023-04-03,Software,West,Offline,2,35265,70530
5876,1106,2023-09-23,Accessories,North,Online,6,74999,449994
5877,1051,2023-11-28,Software,South,Offline,3,57074,171222
5878,1081,2023-12-16,Laptop,North,Online,4,28175,112700
5879,1133,2023-12-27,Software,North,Offline,1,72767,72767
5880,1029,2023-09-14,Mobile,North,Online,1,41063,41063
5881,1132,2023-05-13,Accessories,West,Online,4,11832,47328
5882,1138,2023-10-03,Mobile,South,Online,5,19677,98385
5883,1184,2023-09-21,Software,North,Online,4,68947,275788
5884,1145,2023-06-20,Laptop,South,Online,2,57604,115208
5885,1074,2023-01-01,Tablet,West,Online,4,5451,21804
5886,1017,2023-11-09,Software,East,Offline,1,28833,28833
5887,1084,2023-03-05,Laptop,North,Offline,4,22173,88692
5888,1069,2023-10-11,Accessories,South,Online,3,41370,124110
5889,1034,2023-05-01,Mobile,South,Online,6,71601,429606
5890,1006,2023-04-17,Mobile,West,Online,2,23321,46642
5891,1053,2023-06-24,Mobile,North,Online,4,25994,103976
5892,1194,2023-07-23,Accessories,East,Offline,1,74660,74660
5893,1126,2023-06-14,Laptop,South,Online,7,1335,9345
5894,1043,2023-11-01,Accessories,North,Offline,6,19146,114876
5895,1115,2023-04-30,Mobile,East,Offline,2,37835,75670
5896,1111,2023-02-13,Software,South,Online,1,69851,69851
5897,1151,2023-11-08,Tablet,South,Online,5,2929,14645
5898,1183,2023-06-05,Accessories,East,Offline,3,42450,127350
5899,1080,2023-07-26,Accessories,East,Offline,5,61154,305770
5900,1095,2023-04-18,Laptop,West,Online,3,68643,205929
5901,1118,2023-09-08,Laptop,North,Online,4,31599,126396
5902,1144,2023-11-30,Accessories,North,Online,2,39885,79770
5903,1008,2023-05-10,Mobile,West,Offline,4,36419,145676
5904,1132,2023-10-20,Tablet,South,Offline,3,61282,183846
5905,1104,2023-01-20,Laptop,East,Online,3,71616,214848
5906,1132,2023-10-09,Mobile,East,Offline,3,73090,219270
5907,1184,2023-10-12,Software,East,Offline,6,40887,245322
5908,1025,2023-01-01,Laptop,South,Online,1,16323,16323
5909,1195,2023-04-29,Mobile,East,Online,2,46515,93030
5910,1096,2023-02-04,Mobile,East,Offline,4,15839,63356
5911,1195,2023-07-17,Tablet,West,Offline,4,3991,15964
5912,1155,2023-09-02,Tablet,South,Online,5,1206,6030
5913,1093,2023-02-28,Software,North,Online,3,16228,48684
5914,1160,2023-11-21,Mobile,West,Online,7,7497,52479
5915,1178,2023-06-10,Mobile,West,Online,3,60908,182724
5916,1061,2023-06-28,Tablet,North,Online,3,58597,175791
5917,1122,2023-07-25,Laptop,West,Offline,7,39023,273161
5918,1051,2023-01-12,Laptop,South,Offline,4,25663,102652
5919,1147,2023-10-03,Accessories,East,Offline,5,18218,91090
5920,1021,2023-06-30,Tablet,South,Offline,1,40119,40119
5921,1005,2023-08-30,Accessories,North,Online,7,12626,88382
5922,1092,2023-08-04,Tablet,North,Online,6,65426,392556
5923,1170,2023-09-08,Software,West,Online,2,41133,82266
5924,1061,2023-10-26,Mobile,South,Offline,7,3817,26719
5925,1022,2023-05-06,Software,South,Offline,1,45480,45480
5926,1149,2023-08-05,Tablet,North,Offline,4,44615,178460
5927,1070,2023-11-02,Mobile,South,Online,6,62146,372876
5928,1001,2023-10-12,Laptop,North,Offline,6,43658,261948
5929,1133,2023-07-04,Laptop,South,Online,6,56463,338778
5930,1012,2023-02-08,Accessories,South,Online,3,48131,144393
5931,1090,2023-08-11,Tablet,South,Online,2,49816,99632
5932,1046,2023-07-03,Tablet,North,Online,4,59842,239368
5933,1034,2023-06-27,Laptop,West,Online,4,16004,64016
5934,1177,2023-10-21,Software,South,Online,6,69093,414558
5935,1078,2023-12-06,Mobile,North,Offline,4,27160,108640
5936,1045,2023-05-31,Software,North,Online,2,37696,75392
5937,1155,2023-05-06,Software,South,Online,2,66438,132876
5938,1073,2023-10-28,Laptop,South,Offline,5,9105,45525
5939,1026,2023-11-04,Laptop,West,Online,7,57888,405216
5940,1047,2023-12-02,Laptop,North,Offline,7,56001,392007
5941,1121,2023-08-22,Accessories,North,Offline,5,53809,269045
5942,1056,2023-01-08,Software,East,Offline,1,27543,27543
5943,1094,2023-12-07,Tablet,North,Online,7,34135,238945
5944,1107,2023-05-09,Mobile,West,Online,2,33632,67264
5945,1063,2023-09-21,Accessories,East,Offline,2,15866,31732
5946,1048,2023-06-06,Tablet,East,Online,7,72607,508249
5947,1061,2023-12-18,Software,East,Online,2,63080,126160
5948,1081,2023-12-24,Laptop,South,Offline,5,58389,291945
5949,1026,2023-01-05,Software,South,Offline,6,39736,238416
5950,1036,2023-03-27,Mobile,North,Online,6,4650,27900
5951,1001,2023-06-24,Accessories,East,Offline,4,19923,79692
5952,1008,2023-10-17,Accessories,West,Offline,6,4637,27822
5953,1113,2023-07-12,Mobile,South,Offline,3,30492,91476
5954,1099,2023-11-07,Tablet,West,Online,5,45421,227105
5955,1180,2023-04-29,Tablet,West,Online,2,67417,134834
5956,1047,2023-08-06,Accessories,South,Online,7,74190,519330
5957,1127,2023-04-24,Accessories,South,Offline,6,34735,208410
5958,1056,2023-05-25,Laptop,South,Online,5,19622,98110
5959,1014,2023-01-26,Tablet,South,Offline,6,24456,146736
5960,1028,2023-05-16,Mobile,East,Online,1,64379,64379
5961,1078,2023-10-30,Tablet,East,Online,2,59060,118120
5962,1130,2023-08-20,Laptop,East,Offline,1,69185,69185
5963,1109,2023-03-17,Accessories,East,Online,2,25160,50320
5964,1154,2023-11-24,Accessories,North,Offline,5,1668,8340
5965,1014,2023-12-11,Laptop,East,Online,4,45624,182496
5966,1187,2023-10-29,Mobile,South,Online,6,36397,218382
5967,1056,2023-10-16,Accessories,West,Offline,6,15532,93192
5968,1115,2023-01-01,Software,East,Offline,3,53297,159891
5969,1007,2023-05-27,Accessories,North,Offline,7,35794,250558
5970,1003,2023-10-14,Software,South,Online,1,44327,44327
5971,1111,2023-05-22,Laptop,West,Online,6,4016,24096
5972,1151,2023-02-22,Laptop,West,Online,5,20251,101255
5973,1107,2023-10-31,Accessories,East,Offline,4,30873,123492
5974,1018,2023-03-10,Tablet,West,Offline,7,30770,215390
5975,1038,2023-12-27,Software,East,Offline,5,10886,54430
5976,1115,2023-03-31,Mobile,East,Online,1,65317,65317
5977,1015,2023-08-08,Accessories,South,Online,3,65684,197052
5978,1192,2023-07-11,Mobile,South,Offline,6,38379,230274
5979,1119,2023-03-04,Accessories,North,Online,5,50097,250485
5980,1028,2023-03-14,Tablet,South,Offline,7,39632,277424
5981,1039,2023-06-10,Tablet,South,Online,2,4126,8252
5982,1185,2023-06-18,Tablet,East,Online,4,55890,223560
5983,1017,2023-03-30,Tablet,South,Offline,7,17145,120015
5984,1086,2023-06-25,Laptop,East,Online,5,54644,273220
5985,1126,2023-09-26,Laptop,East,Online,4,13882,55528
5986,1044,2023-03-14,Software,South,Offline,6,4525,27150
5987,1025,2023-09-02,Mobile,North,Offline,2,43726,87452
5988,1145,2023-03-18,Accessories,North,Online,3,70211,210633
5989,1013,2023-06-08,Accessories,West,Offline,7,3943,27601
5990,1025,2023-11-20,Laptop,West,Online,3,21895,65685
5991,1068,2023-04-08,Accessories,South,Offline,2,11225,22450
5992,1138,2023-04-12,Laptop,North,Online,4,33961,135844
5993,1067,2023-05-12,Software,East,Online,6,41615,249690
5994,1109,2023-04-12,Mobile,West,Offline,5,71760,358800
5995,1146,2023-01-19,Software,East,Online,2,29190,58380
5996,1111,2023-03-23,Tablet,West,Online,1,1907,1907
5997,1111,2023-10-06,Tablet,South,Offline,4,74068,296272
5998,1034,2023-12-05,Tablet,North,Offline,3,59060,177180
5999,1111,2023-12-31,Software,West,Online,7,47840,334880
6000,1008,2023-11-27,Accessories,North,Offline,2,18294,36588
6001,1168,2023-05-09,Mobile,East,Offline,3,20381,61143
6002,1113,2023-12-10,Tablet,South,Online,4,50203,200812
6003,1083,2023-11-06,Tablet,North,Online,3,44854,134562
6004,1042,2023-03-30,Tablet,South,Offline,2,14890,29780
6005,1169,2023-08-01,Mobile,North,Offline,4,27807,111228
6006,1101,2023-05-23,Tablet,East,Offline,1,25002,25002
6007,1006,2023-03-06,Mobile,East,Online,2,22986,45972
6008,1180,2023-03-17,Tablet,South,Online,5,38758,193790
6009,1026,2023-07-18,Software,East,Online,6,58216,349296
6010,1064,2023-05-23,Software,West,Online,2,11248,22496
6011,1187,2023-11-12,Mobile,North,Online,4,63285,253140
6012,1184,2023-04-03,Software,East,Online,7,23238,162666
6013,1059,2023-11-01,Mobile,West,Online,6,74731,448386
6014,1109,2023-08-12,Software,South,Offline,2,74106,148212
6015,1198,2023-10-18,Software,West,Offline,1,42162,42162
6016,1121,2023-04-12,Mobile,South,Online,7,15623,109361
6017,1033,2023-09-24,Accessories,South,Online,1,26116,26116
6018,1181,2023-12-21,Software,North,Online,5,11682,58410
6019,1150,2023-04-20,Tablet,North,Offline,7,62513,437591
6020,1021,2023-11-26,Accessories,West,Online,3,31831,95493
6021,1198,2023-09-22,Mobile,North,Offline,7,46598,326186
6022,1070,2023-01-03,Accessories,North,Offline,6,26628,159768
6023,1112,2023-03-26,Laptop,North,Offline,7,32056,224392
6024,1004,2023-10-09,Laptop,West,Offline,4,22376,89504
6025,1094,2023-11-24,Software,East,Offline,4,9449,37796
6026,1075,2023-10-31,Software,North,Online,3,52462,157386
6027,1190,2023-04-27,Tablet,North,Online,7,71706,501942
6028,1062,2023-08-09,Accessories,West,Offline,1,24599,24599
6029,1094,2023-06-03,Laptop,East,Online,1,13216,13216
6030,1095,2023-06-02,Software,North,Offline,2,53111,106222
6031,1152,2023-01-12,Accessories,South,Offline,5,39385,196925
6032,1055,2023-05-13,Software,West,Online,6,53644,321864
6033,1137,2023-10-31,Software,North,Online,5,65720,328600
6034,1131,2023-10-20,Laptop,North,Online,7,8337,58359
6035,1031,2023-10-27,Laptop,South,Online,5,49855,249275
6036,1040,2023-08-16,Software,South,Online,2,47799,95598
6037,1036,2023-09-28,Mobile,West,Offline,5,19659,98295
6038,1152,2023-02-12,Software,West,Online,3,51512,154536
6039,1006,2023-12-09,Software,South,Online,2,59805,119610
6040,1066,2023-11-22,Tablet,West,Online,3,17606,52818
6041,1075,2023-10-29,Tablet,South,Offline,7,58623,410361
6042,1004,2023-12-30,Tablet,North,Online,2,9220,18440
6043,1079,2023-01-21,Mobile,South,Offline,7,38161,267127
6044,1134,2023-04-17,Mobile,South,Online,7,21620,151340
6045,1118,2023-12-02,Software,East,Online,5,20290,101450
6046,1113,2023-10-30,Tablet,South,Offline,3,59155,177465
6047,1094,2023-04-27,Mobile,South,Online,7,60143,421001
6048,1179,2023-05-04,Laptop,East,Online,3,47874,143622
6049,1062,2023-10-08,Software,West,Offline,3,43407,130221
6050,1185,2023-10-19,Accessories,East,Online,2,50571,101142
6051,1194,2023-07-22,Software,North,Offline,4,35312,141248
6052,1079,2023-02-20,Accessories,East,Offline,5,50070,250350
6053,1136,2023-09-28,Tablet,North,Offline,7,51401,359807
6054,1026,2023-11-20,Accessories,West,Offline,3,60686,182058
6055,1179,2023-10-04,Tablet,East,Offline,6,50751,304506
6056,1173,2023-05-21,Laptop,East,Online,4,65671,262684
6057,1044,2023-10-02,Accessories,West,Online,7,36660,256620
6058,1133,2023-10-17,Software,North,Online,6,19656,117936
6059,1070,2023-11-30,Tablet,East,Offline,5,72820,364100
6060,1154,2023-02-21,Software,North,Offline,5,18429,92145
6061,1118,2023-01-27,Mobile,East,Offline,3,67106,201318
6062,1068,2023-06-06,Tablet,South,Offline,3,63059,189177
6063,1019,2023-08-27,Accessories,East,Online,7,54705,382935
6064,1020,2023-06-05,Tablet,West,Online,2,68975,137950
6065,1113,2023-10-18,Software,West,Offline,4,64841,259364
6066,1140,2023-05-16,Laptop,North,Offline,7,43363,303541
6067,1047,2023-05-24,Tablet,East,Online,4,65939,263756
6068,1001,2023-04-16,Accessories,North,Offline,3,7694,23082
6069,1090,2023-06-07,Mobile,North,Offline,5,71887,359435
6070,1142,2023-05-26,Laptop,South,Offline,3,66714,200142
6071,1064,2023-01-02,Mobile,South,Online,5,30277,151385
6072,1038,2023-03-18,Tablet,West,Online,7,26683,186781
6073,1037,2023-05-12,Software,North,Offline,5,27945,139725
6074,1126,2023-03-31,Software,West,Online,3,67538,202614
6075,1139,2023-12-11,Accessories,East,Offline,1,16698,16698
6076,1100,2023-12-16,Software,North,Offline,4,21911,87644
6077,1077,2023-09-20,Laptop,North,Online,6,51077,306462
6078,1003,2023-12-17,Software,East,Offline,5,16367,81835
6079,1161,2023-04-18,Accessories,East,Offline,5,63001,315005
6080,1134,2023-03-15,Tablet,West,Online,1,14766,14766
6081,1178,2023-02-08,Tablet,West,Offline,7,39922,279454
6082,1010,2023-06-08,Software,East,Offline,7,35708,249956
6083,1005,2023-03-12,Mobile,West,Offline,7,31713,221991
6084,1151,2023-11-08,Tablet,East,Online,6,7867,47202
6085,1138,2023-08-29,Software,North,Offline,2,35862,71724
6086,1172,2023-10-25,Accessories,North,Online,1,52088,52088
6087,1130,2023-02-05,Software,South,Offline,6,38785,232710
6088,1013,2023-03-25,Tablet,North,Offline,1,72346,72346
6089,1168,2023-09-20,Accessories,East,Offline,5,36807,184035
6090,1130,2023-11-06,Software,West,Offline,4,20367,81468
6091,1084,2023-06-21,Laptop,South,Online,1,57023,57023
6092,1065,2023-06-22,Accessories,West,Online,2,6878,13756
6093,1063,2023-12-28,Laptop,East,Offline,3,28426,85278
6094,1101,2023-02-16,Mobile,North,Offline,6,13680,82080
6095,1073,2023-05-21,Accessories,South,Offline,1,37431,37431
6096,1017,2023-04-28,Laptop,East,Offline,1,24514,24514
6097,1009,2023-10-04,Tablet,South,Offline,2,59002,118004
6098,1143,2023-08-02,Tablet,South,Offline,4,5970,23880
6099,1152,2023-08-08,Mobile,North,Offline,1,15453,15453
6100,1038,2023-01-26,Accessories,East,Offline,1,39007,39007
6101,1163,2023-01-09,Accessories,West,Online,4,7023,28092
6102,1094,2023-09-28,Accessories,South,Online,2,57690,115380
6103,1095,2023-01-10,Mobile,South,Online,6,48261,289566
6104,1049,2023-05-01,Accessories,West,Offline,6,31669,190014
6105,1069,2023-05-05,Tablet,East,Offline,1,46141,46141
6106,1062,2023-06-19,Laptop,South,Offline,4,23490,93960
6107,1188,2023-03-13,Tablet,South,Online,1,30161,30161
6108,1178,2023-06-01,Tablet,South,Offline,7,13919,97433
6109,1078,2023-07-27,Laptop,East,Online,3,14957,44871
6110,1117,2023-02-18,Tablet,East,Offline,6,68100,408600
6111,1120,2023-06-03,Mobile,West,Online,7,33585,235095
6112,1137,2023-12-13,Laptop,East,Online,5,51154,255770
6113,1162,2023-10-20,Tablet,East,Online,3,6630,19890
6114,1076,2023-03-09,Software,North,Offline,1,2542,2542
6115,1035,2023-02-19,Tablet,West,Online,2,70634,141268
6116,1001,2023-06-01,Mobile,South,Offline,6,43482,260892
6117,1040,2023-01-19,Accessories,East,Offline,5,65685,328425
6118,1064,2023-04-10,Tablet,South,Offline,3,33977,101931
6119,1150,2023-03-01,Accessories,South,Offline,6,53209,319254
6120,1060,2023-06-16,Software,North,Offline,4,29216,116864
6121,1064,2023-07-21,Tablet,East,Online,2,36518,73036
6122,1093,2023-12-11,Laptop,West,Offline,3,8561,25683
6123,1072,2023-05-26,Accessories,East,Offline,4,9109,36436
6124,1011,2023-06-13,Software,South,Offline,7,35871,251097
6125,1105,2023-08-30,Laptop,West,Offline,1,21305,21305
6126,1014,2023-03-10,Laptop,East,Offline,4,8357,33428
6127,1060,2023-06-24,Laptop,South,Online,3,12120,36360
6128,1030,2023-02-18,Laptop,South,Online,3,8677,26031
6129,1035,2023-04-18,Tablet,North,Offline,7,30611,214277
6130,1165,2023-08-14,Tablet,North,Online,1,12326,12326
6131,1005,2023-06-10,Tablet,North,Online,4,14390,57560
6132,1083,2023-04-29,Software,South,Offline,4,58531,234124
6133,1123,2023-05-29,Software,East,Online,1,5995,5995
6134,1078,2023-05-30,Software,North,Offline,4,28981,115924
6135,1154,2023-10-20,Mobile,East,Online,6,11767,70602
6136,1062,2023-05-23,Software,North,Online,1,7243,7243
6137,1132,2023-06-09,Tablet,West,Online,2,55300,110600
6138,1089,2023-01-11,Tablet,West,Offline,3,49273,147819
6139,1042,2023-05-18,Mobile,North,Online,2,57542,115084
6140,1089,2023-03-19,Mobile,South,Online,6,49976,299856
6141,1146,2023-03-18,Software,North,Offline,7,29052,203364
6142,1040,2023-09-11,Accessories,North,Offline,6,65742,394452
6143,1072,2023-09-15,Mobile,South,Online,5,46272,231360
6144,1039,2023-11-16,Laptop,West,Offline,5,44230,221150
6145,1104,2023-10-18,Tablet,East,Online,5,29448,147240
6146,1014,2023-09-20,Laptop,North,Online,1,69593,69593
6147,1032,2023-03-26,Tablet,South,Offline,4,69623,278492
6148,1179,2023-05-26,Tablet,North,Offline,6,17035,102210
6149,1125,2023-11-19,Mobile,South,Offline,2,66990,133980
6150,1166,2023-02-11,Mobile,East,Online,7,47062,329434
6151,1097,2023-05-05,Laptop,East,Offline,2,59035,118070
6152,1023,2023-06-16,Tablet,West,Online,2,41769,83538
6153,1063,2023-08-29,Laptop,South,Offline,2,42962,85924
6154,1143,2023-10-07,Accessories,South,Online,7,3627,25389
6155,1153,2023-07-07,Laptop,West,Offline,5,23647,118235
6156,1145,2023-10-29,Software,West,Online,2,46028,92056
6157,1194,2023-01-19,Laptop,South,Offline,7,69431,486017
6158,1053,2023-03-09,Software,West,Online,7,66881,468167
6159,1104,2023-08-06,Software,East,Offline,4,64249,256996
6160,1104,2023-04-12,Software,North,Offline,7,39172,274204
6161,1179,2023-02-11,Accessories,East,Online,5,14231,71155
6162,1039,2023-10-15,Laptop,West,Offline,2,55012,110024
6163,1179,2023-06-16,Laptop,South,Online,7,51524,360668
6164,1198,2023-04-19,Accessories,South,Online,1,4332,4332
6165,1134,2023-02-05,Tablet,East,Offline,7,32832,229824
6166,1067,2023-08-20,Mobile,South,Online,3,12967,38901
6167,1135,2023-08-17,Laptop,West,Offline,3,41525,124575
6168,1179,2023-12-19,Mobile,East,Offline,3,13607,40821
6169,1200,2023-06-13,Accessories,South,Online,7,43981,307867
6170,1042,2023-03-14,Tablet,North,Offline,5,3081,15405
6171,1192,2023-05-16,Tablet,North,Online,2,52138,104276
6172,1015,2023-12-19,Tablet,West,Online,6,8918,53508
6173,1111,2023-03-11,Accessories,South,Offline,6,29613,177678
6174,1157,2023-07-15,Software,West,Offline,6,63544,381264
6175,1033,2023-09-26,Software,East,Online,5,61530,307650
6176,1155,2023-02-18,Mobile,North,Online,4,12314,49256
6177,1164,2023-11-12,Software,East,Offline,1,10524,10524
6178,1157,2023-05-10,Software,South,Offline,1,63788,63788
6179,1038,2023-01-05,Tablet,West,Offline,3,58336,175008
6180,1185,2023-01-27,Tablet,West,Offline,3,7935,23805
6181,1097,2023-06-09,Mobile,West,Online,7,67584,473088
6182,1155,2023-05-29,Laptop,East,Offline,6,71101,426606
6183,1183,2023-09-21,Mobile,North,Online,7,3907,27349
6184,1033,2023-08-18,Mobile,East,Online,6,33440,200640
6185,1196,2023-07-19,Accessories,East,Offline,3,6166,18498
6186,1086,2023-02-19,Accessories,South,Online,2,37622,75244
6187,1066,2023-03-08,Mobile,South,Offline,4,25592,102368
6188,1010,2023-10-27,Mobile,South,Online,7,27005,189035
6189,1005,2023-02-27,Mobile,North,Offline,4,37213,148852
6190,1123,2023-09-16,Software,North,Online,4,54887,219548
6191,1074,2023-12-08,Accessories,South,Online,4,43669,174676
6192,1097,2023-11-22,Mobile,South,Offline,3,73782,221346
6193,1118,2023-05-10,Tablet,North,Offline,1,52242,52242
6194,1038,2023-08-03,Tablet,West,Online,3,41022,123066
6195,1141,2023-06-21,Software,North,Online,4,4380,17520
6196,1159,2023-09-15,Software,North,Offline,3,43954,131862
6197,1047,2023-04-12,Laptop,North,Online,4,56211,224844
6198,1109,2023-07-28,Laptop,South,Offline,5,44039,220195
6199,1180,2023-10-18,Laptop,West,Online,6,68821,412926
6200,1184,2023-12-20,Software,North,Offline,1,15299,15299
